﻿"name","schema","description"
"景氣指標與燈號.csv","schema-景氣指標與燈號.csv","景氣指標與燈號"
"領先指標構成項目.csv","schema-領先指標構成項目.csv","領先指標構成項目"
"同時指標構成項目.csv","schema-同時指標構成項目.csv","同時指標構成項目"
"落後指標構成項目.csv","schema-落後指標構成項目.csv","落後指標構成項目"
"景氣對策信號構成項目.csv","schema-景氣對策信號構成項目.csv","景氣對策信號構成項目"
