﻿name,title
"Date","Date"
"工業生產指數(Index2016=100)","工業生產指數(Index2016=100)"
"電力(企業)總用電量(十億度)","電力(企業)總用電量(十億度)"
"製造業銷售量指數(Index2016=100)","製造業銷售量指數(Index2016=100)"
"批發、零售及餐飲業營業額(十億元)","批發、零售及餐飲業營業額(十億元)"
"非農業部門就業人數(千人)","非農業部門就業人數(千人)"
"海關出口值(十億元)","海關出口值(十億元)"
"機械及電機設備進口值(十億元)","機械及電機設備進口值(十億元)"
